<?xml version="1.0" encoding="UTF-8"?>

<mule xmlns:metadata="http://www.mulesoft.org/schema/mule/metadata" xmlns:http="http://www.mulesoft.org/schema/mule/http" xmlns:jms="http://www.mulesoft.org/schema/mule/jms" xmlns="http://www.mulesoft.org/schema/mule/core" xmlns:doc="http://www.mulesoft.org/schema/mule/documentation"
	xmlns:spring="http://www.springframework.org/schema/beans" 
	xmlns:xsi="http://www.w3.org/2001/XMLSchema-instance"
	xsi:schemaLocation="http://www.springframework.org/schema/beans http://www.springframework.org/schema/beans/spring-beans-current.xsd
http://www.mulesoft.org/schema/mule/core http://www.mulesoft.org/schema/mule/core/current/mule.xsd
http://www.mulesoft.org/schema/mule/http http://www.mulesoft.org/schema/mule/http/current/mule-http.xsd
http://www.mulesoft.org/schema/mule/jms http://www.mulesoft.org/schema/mule/jms/current/mule-jms.xsd">
    <http:listener-config name="HTTP_Listener_Configuration" host="0.0.0.0" port="114" doc:name="HTTP Listener Configuration"/>
    <jms:activemq-connector name="Active_MQ" username="admin" password="admin" brokerURL="tcp://192.168.1.60:61616" validateConnections="true" persistentDelivery="true" doc:name="Active MQ">
        <reconnect/>
    </jms:activemq-connector>
    <flow name="hbm_producto_pFlow">
        <http:listener config-ref="HTTP_Listener_Configuration" path="/" doc:name="HTTP">
            <http:response-builder>
                <http:header headerName="Content-Type" value="application/json"/>
            </http:response-builder>
        </http:listener>
        <object-to-string-transformer doc:name="Object to String"/>
        <logger message="SUCCESS #[payload.replace( '&#195;&#8216;', '&#241;' ).replace( '&#195;&#177;', '&#209;' ).replace('&#195;&#161;','&#225;').replace('&#195;&#169;','&#233;').replace('&#195;&#173;','&#237;').replace('&#195;&#179;','&#243;').replace('&#195;&#186;','&#250;')]" level="INFO" doc:name="Logger"/>
        <set-payload value="#[payload.replace( '&#195;&#8216;', '&#241;' ).replace( '&#195;&#177;', '&#209;' ).replace('&#195;&#161;','&#225;').replace('&#195;&#169;','&#233;').replace('&#195;&#173;','&#237;').replace('&#195;&#179;','&#243;').replace('&#195;&#186;','&#250;')]" doc:name="Set Payload"/>
        <jms:outbound-endpoint queue="HBM_PRODUCTO" connector-ref="Active_MQ" doc:name="HBM_PRODUCTO"/>
    </flow>
</mule>
