<?xml version="1.0" encoding="UTF-8"?>

<mule xmlns:metadata="http://www.mulesoft.org/schema/mule/metadata" xmlns:http="http://www.mulesoft.org/schema/mule/http" xmlns:db="http://www.mulesoft.org/schema/mule/db" xmlns:json="http://www.mulesoft.org/schema/mule/json" xmlns:jms="http://www.mulesoft.org/schema/mule/jms" xmlns="http://www.mulesoft.org/schema/mule/core" xmlns:doc="http://www.mulesoft.org/schema/mule/documentation"
	xmlns:spring="http://www.springframework.org/schema/beans" 
	xmlns:xsi="http://www.w3.org/2001/XMLSchema-instance"
	xsi:schemaLocation="http://www.springframework.org/schema/beans http://www.springframework.org/schema/beans/spring-beans-current.xsd
http://www.mulesoft.org/schema/mule/core http://www.mulesoft.org/schema/mule/core/current/mule.xsd
http://www.mulesoft.org/schema/mule/jms http://www.mulesoft.org/schema/mule/jms/current/mule-jms.xsd
http://www.mulesoft.org/schema/mule/db http://www.mulesoft.org/schema/mule/db/current/mule-db.xsd
http://www.mulesoft.org/schema/mule/json http://www.mulesoft.org/schema/mule/json/current/mule-json.xsd
http://www.mulesoft.org/schema/mule/http http://www.mulesoft.org/schema/mule/http/current/mule-http.xsd">
    <jms:activemq-connector name="Active_MQ" username="admin" password="admin" brokerURL="tcp://192.168.1.60:61616" validateConnections="true" doc:name="Active MQ" persistentDelivery="true" >
        <reconnect/>
    </jms:activemq-connector>
    <db:mysql-config name="MySQL_Configuration" host="192.168.1.71" port="3306" user="hbm" password="hbm2018" database="hbm" doc:name="MySQL Configuration">
        <reconnect/>
    </db:mysql-config>
    <http:request-config name="HTTP_Request_Configuration" protocol="HTTPS" host="hansa-bussines-mobile.firebaseio.com/" port="80" basePath="Productos" doc:name="HTTP Request Configuration"/>
    <flow name="hbm_producto_cFlow" processingStrategy="synchronous">
        <jms:inbound-endpoint queue="HBM_PRODUCTO" connector-ref="Active_MQ" doc:name="HBM_PRODUCTO"/>
        <processor-chain doc:name="Processor Chain">
            <set-variable variableName="Todo" value="#[payload]" doc:name="Todo"/>
            <logger message="1) START #[payload]" level="INFO" doc:name="START"/>
            <set-variable variableName="ProductCode" value="#[json:ProductCode]" doc:name="ProductCode"/>
            <set-variable variableName="OrgVenta" value="#[json:OrgVenta]" doc:name="OrgVenta"/>
            <set-variable variableName="Almacen" value="#[json:Almacen]" doc:name="Almacen"/>
            <set-variable variableName="CodCanal" value="#[json:CodCanal]" doc:name="CodCanal"/>
            <set-variable variableName="ProductName" value="#[json:ProductName]" doc:name="ProductName"/>
            <set-variable variableName="CodProveedor" value="#[json:CodProveedor]" doc:name="CodProveedor"/>
            <set-variable variableName="Fecha_server" value="#[server.dateTime.format('yyyy-MM-dd HH:mm:ss')]" doc:name="Fecha_server"/>
            <db:select config-ref="MySQL_Configuration" doc:name="Select">
                <db:parameterized-query><![CDATA[SELECT COUNT(DISTINCT(ProductCode)) as existe
FROM hbm.Productos
WHERE ProductCode = #[flowVars.ProductCode];]]></db:parameterized-query>
            </db:select>
            <json:object-to-json-transformer doc:name="Object to JSON"/>
            <set-variable variableName="existe" value="#[json:[0]/existe]" doc:name="existe"/>
            <flow-ref name="Producto_FB" doc:name="Producto_FB"/>
        </processor-chain>
    </flow>
    <flow name="Producto_FB">
        <choice doc:name="Existe el Producto?">
            <when expression="#[flowVars.existe &gt; 0]">
                <logger message="2) EXISTE EL PRODUCTO, ACTUALIZAR PRODUCTO" level="INFO" doc:name="EXISTE"/>
                <db:select config-ref="MySQL_Configuration" doc:name="Select">
                    <db:parameterized-query><![CDATA[SELECT COUNT(DISTINCT(ProductCode)) as exist
FROM hbm.Productos
WHERE ProductCode = #[flowVars.ProductCode]
AND Almacen = #[flowVars.Almacen]
AND CodCanal = #[flowVars.CodCanal];]]></db:parameterized-query>
                </db:select>
                <json:object-to-json-transformer doc:name="Object to JSON"/>
                <set-variable variableName="exist" value="#[json:[0]/exist]" doc:name="exist"/>
                <choice doc:name="Choice">
                    <when expression="#[flowVars.exist &gt; 0]">
                        <logger message="3) EXISTE EL ALMACEN Y CODCANAL #[flowVars.Almacen], #[flowVars.CodCanal]" level="INFO" doc:name="UPDATE"/>
                        <set-payload value="#[flowVars.Todo]" doc:name="Set Payload"/>
                        <db:update config-ref="MySQL_Configuration" doc:name="Update">
                            <db:parameterized-query><![CDATA[UPDATE hbm.Productos
SET
Almacen = #[json:Almacen],
OrgVenta = #[json:OrgVenta],
CodCanal = #[json:CodCanal],
CodSector = #[json:CodSector],
CodFamilia = #[json:CodFamilia],
CodGrupo = #[json:CodGrupo],
CodSubGrupo = #[json:CodSubGrupo],
ProductName = #[flowVars.ProductName.replace('\\','');],
CodigoBarras = #[json:CodigoBarras],
DescPromocional = #[json:DescPromocional],
CodProveedor = #[flowVars.CodProveedor.replace('\\','');],
ConStock = #[json:ConStock],
Moneda = #[json:Moneda],
TipoUnidad = #[json:TipoUnidad],
FechaModificacion = #[flowVars.Fecha_server],
CantidadXUnidad = #[json:CantidadXUnidad],
PrecioUnitario = #[json:PrecioUnitario],
Stock = #[json:Stock],
StockNacional = #[json:StockNacional]
WHERE ProductCode = #[flowVars.ProductCode]
AND Almacen = #[flowVars.Almacen]
AND CodCanal = #[flowVars.CodCanal];]]></db:parameterized-query>
                        </db:update>
                        <set-payload value="#[payload]" doc:name="Set Payload"/>
                        <logger message="UPDATE EXITOSO #[payload] " level="INFO" doc:name="Logger"/>
                    </when>
                    <otherwise>
                        <logger message="3)NO EXISTE EL ALMACEN Y CODCANAL #[flowVars.Almacen], #[flowVars.CodCanal]" level="INFO" doc:name="INSERT"/>
                        <set-payload value="#[flowVars.Todo]" doc:name="Set Payload"/>
                        <db:insert config-ref="MySQL_Configuration" doc:name="Insert">
                            <db:parameterized-query><![CDATA[INSERT INTO hbm.Productos
(
ProductID,
ProductCode,
Almacen,
OrgVenta,
CodCanal,
CodSector,
CodFamilia,
CodGrupo,
CodSubGrupo,
ProductName,
CodigoBarras,
DescPromocional,
CodProveedor,
ConStock,
Moneda,
TipoUnidad,
FechaModificacion,
CantidadXUnidad,
PrecioUnitario,
Stock,
StockNacional
)
VALUES
(
UUID(),
#[json:ProductCode],
#[json:Almacen],
#[json:OrgVenta],
#[json:CodCanal],
#[json:CodSector],
#[json:CodFamilia],
#[json:CodGrupo],
#[json:CodSubGrupo],
#[flowVars.ProductName.replace('\\','');],
#[json:CodigoBarras],
#[json:DescPromocional],
#[flowVars.CodProveedor.replace('\\','');],
#[json:ConStock],
#[json:Moneda],
#[json:TipoUnidad],
#[flowVars.Fecha_server],
#[json:CantidadXUnidad],
#[json:PrecioUnitario],
#[json:Stock],
#[json:StockNacional]
);]]></db:parameterized-query>
                        </db:insert>
                        <set-payload value="#[payload]" doc:name="Set Payload"/>
                        <logger message="INSERT EXITOSO #[payload] " level="INFO" doc:name="Logger"/>
                    </otherwise>
                </choice>
            </when>
            <otherwise>
                <logger message="2) NO EXISTE EL PRODUCTO, ES NUEVO" level="INFO" doc:name="NO EXISTE"/>
                <set-payload value="#[flowVars.Todo]" doc:name="Set Payload"/>
                <db:insert config-ref="MySQL_Configuration" doc:name="Insert">
                    <db:parameterized-query><![CDATA[INSERT INTO hbm.Productos
(
ProductID,
ProductCode,
Almacen,
OrgVenta,
CodCanal,
CodSector,
CodFamilia,
CodGrupo,
CodSubGrupo,
ProductName,
CodigoBarras,
DescPromocional,
CodProveedor,
ConStock,
Moneda,
TipoUnidad,
FechaModificacion,
CantidadXUnidad,
PrecioUnitario,
Stock,
StockNacional
)
VALUES
(
UUID(),
#[json:ProductCode],
#[json:Almacen],
#[json:OrgVenta],
#[json:CodCanal],
#[json:CodSector],
#[json:CodFamilia],
#[json:CodGrupo],
#[json:CodSubGrupo],
#[flowVars.ProductName.replace('\\','');],
#[json:CodigoBarras],
#[json:DescPromocional],
#[flowVars.CodProveedor.replace('\\','');],
#[json:ConStock],
#[json:Moneda],
#[json:TipoUnidad],
#[flowVars.Fecha_server],
#[json:CantidadXUnidad],
#[json:PrecioUnitario],
#[json:Stock],
#[json:StockNacional]
);]]></db:parameterized-query>
                </db:insert>
            </otherwise>
        </choice>
        <set-payload value="#[flowVars.Todo]" doc:name="Set Payload"/>
        <set-payload value="{&quot;#[flowVars.ProductCode]_#[flowVars.Almacen]_#[flowVars.CodCanal]&quot;:{&quot;ProductCode&quot;:&quot;#[json:ProductCode]&quot;,&quot;Almacen&quot;:&quot;#[json:Almacen]&quot;,&quot;OrgVenta&quot;:&quot;#[json:OrgVenta]&quot;,&quot;CodCanal&quot;:&quot;#[json:CodCanal]&quot;,&quot;CodSector&quot;:&quot;#[json:CodSector]&quot;,&quot;CodFamilia&quot;:&quot;#[json:CodFamilia]&quot;,&quot;CodGrupo&quot;:&quot;#[json:CodGrupo]&quot;,&quot;CodSubGrupo&quot;:&quot;#[json:CodSubGrupo]&quot;,&quot;ProductName&quot;:&quot;#[flowVars.ProductName.replace('\&quot;','\\\&quot;');]&quot;,&quot;CodigoBarras&quot;:&quot;#[json:CodigoBarras]&quot;,&quot;DescPromocional&quot;:&quot;#[json:DescPromocional]&quot;,&quot;CodProveedor&quot;:&quot;#[flowVars.CodProveedor.replace(&quot;\&quot;&quot;,&quot;\\\&quot;&quot;);]&quot;,&quot;ConStock&quot;:&quot;#[json:ConStock]&quot;,&quot;Moneda&quot;:&quot;#[json:Moneda]&quot;,&quot;TipoUnidad&quot;:&quot;#[json:TipoUnidad]&quot;,&quot;FechaModificacion&quot;:&quot;#[json:FechaModificacion]&quot;,&quot;CantidadXUnidad&quot;:&quot;#[json:CantidadXUnidad]&quot;,&quot;PrecioUnitario&quot;:&quot;#[json:PrecioUnitario]&quot;,&quot;Stock&quot;:&quot;#[json:Stock]&quot;,&quot;StockNacional&quot;:&quot;#[json:StockNacional]&quot;}} " doc:name="Set Payload"/>
        <http:request config-ref="HTTP_Request_Configuration" path="{guid}.json" method="PATCH" doc:name="HTTP">
            <http:request-builder>
                <http:uri-param paramName="guid" value="#[flowVars.OrgVenta]"/>
            </http:request-builder>
        </http:request>
        <logger message="4) FIN." level="INFO" doc:name="Logger"/>
        <catch-exception-strategy doc:name="Catch Exception Strategy">
            <logger message="ERROR EN LA CONEXION CON FB, REINTENTANDO #[flowVars.Todo]" level="INFO" doc:name="Logger"/>
            <set-payload value="#[flowVars.Todo]" doc:name="Set Payload"/>
            <jms:outbound-endpoint queue="HBM_PRODUCTO" connector-ref="Active_MQ" doc:name="HBM_PRODUCTO"/>
        </catch-exception-strategy>
    </flow>
</mule>
