<?xml version="1.0" encoding="UTF-8"?>

<mule xmlns:schedulers="http://www.mulesoft.org/schema/mule/schedulers" xmlns:db="http://www.mulesoft.org/schema/mule/db" xmlns:json="http://www.mulesoft.org/schema/mule/json" xmlns:http="http://www.mulesoft.org/schema/mule/http" xmlns="http://www.mulesoft.org/schema/mule/core" xmlns:doc="http://www.mulesoft.org/schema/mule/documentation"
	xmlns:spring="http://www.springframework.org/schema/beans" 
	xmlns:xsi="http://www.w3.org/2001/XMLSchema-instance"
	xsi:schemaLocation="http://www.springframework.org/schema/beans http://www.springframework.org/schema/beans/spring-beans-current.xsd
http://www.mulesoft.org/schema/mule/core http://www.mulesoft.org/schema/mule/core/current/mule.xsd
http://www.mulesoft.org/schema/mule/db http://www.mulesoft.org/schema/mule/db/current/mule-db.xsd
http://www.mulesoft.org/schema/mule/json http://www.mulesoft.org/schema/mule/json/current/mule-json.xsd
http://www.mulesoft.org/schema/mule/http http://www.mulesoft.org/schema/mule/http/current/mule-http.xsd
http://www.mulesoft.org/schema/mule/schedulers http://www.mulesoft.org/schema/mule/schedulers/current/mule-schedulers.xsd">
    <db:mysql-config name="MySQL_Configuration" host="192.168.1.84" port="3306" user="root" password="sample" database="hbm" doc:name="MySQL Configuration"/>
    <http:request-config name="HTTP_Request_Configuration" protocol="HTTPS" host="hansa-bussines-mobile.firebaseio.com/" port="80" basePath="ProductoLote" doc:name="HTTP Request Configuration"/>
    <http:request-config name="HTTP_Request_Configuration1" protocol="HTTPS" host="hansa-bussines-mobile.firebaseio.com/" port="80" basePath="ProductoPrecio" doc:name="HTTP Request Configuration"/>
    <http:request-config name="HTTP_Request_Configuration2" protocol="HTTPS" host="hansa-bussines-mobile.firebaseio.com/" port="80" basePath="ProductoStock" doc:name="HTTP Request Configuration"/>
    <http:request-config name="HTTP_Request_Configuration3" protocol="HTTPS" host="hansa-bussines-mobile.firebaseio.com/" port="80" basePath="Productos" doc:name="HTTP Request Configuration"/>
    <flow name="hbm_elimina_productoFlow">
        <poll doc:name="Poll">
            <schedulers:cron-scheduler expression="0 00 15 * * ?"/>
            <logger level="INFO" doc:name="Logger" message="START"/>
        </poll>
        <processor-chain doc:name="Processor Chain">
            <db:select config-ref="MySQL_Configuration" doc:name="Database">
                <db:parameterized-query><![CDATA[SELECT DISTINCT(OrgVenta) as OrgVenta
FROM hbm.Productos]]></db:parameterized-query>
            </db:select>
            <foreach doc:name="For Each">
                <json:object-to-json-transformer doc:name="Object to JSON"/>
                <set-variable variableName="OrgVenta" value="#[json:OrgVenta]" doc:name="OrgVenta"/>
                <set-payload value="{}" doc:name="Set Payload"/>
                <http:request config-ref="HTTP_Request_Configuration" path="{guid}.json" method="DELETE" doc:name="ProductoLote">
                    <http:request-builder>
                        <http:uri-param paramName="guid" value="#[flowVars.OrgVenta]"/>
                    </http:request-builder>
                </http:request>
                <logger message="PRODUCTO_LOTE ELIMINADO" level="INFO" doc:name="Logger"/>
                <flow-ref name="Producto_Precio" doc:name="Producto_Precio"/>
                <flow-ref name="Producto_Stock" doc:name="Producto_Stock"/>
            </foreach>
        </processor-chain>
    </flow>
    <flow name="Producto_Precio" processingStrategy="asynchronous">
        <set-payload value="{}" doc:name="Set Payload"/>
        <http:request config-ref="HTTP_Request_Configuration1" path="{guid}.json" method="DELETE" doc:name="ProductoPrecio">
            <http:request-builder>
                <http:uri-param paramName="guid" value="#[flowVars.OrgVenta]"/>
            </http:request-builder>
        </http:request>
        <logger message="PRODUCTO_PRECIO ELIMINADO" level="INFO" doc:name="Logger"/>
    </flow>
    <flow name="Producto_Stock" processingStrategy="synchronous">
        <set-payload value="{}" doc:name="Set Payload"/>
        <http:request config-ref="HTTP_Request_Configuration2" path="{guid}.json" method="DELETE" doc:name="ProductoStock">
            <http:request-builder>
                <http:uri-param paramName="guid" value="#[flowVars.OrgVenta]"/>
            </http:request-builder>
        </http:request>
        <logger message="PRODUCTO_STOCK ELIMINADO" level="INFO" doc:name="Logger"/>
    </flow>
    <flow name="Productos" processingStrategy="synchronous">
        <set-payload value="{}" doc:name="Set Payload"/>
        <http:request config-ref="HTTP_Request_Configuration3" path="{guid}.json" method="DELETE" doc:name="Productos">
            <http:request-builder>
                <http:uri-param paramName="guid" value="#[flowVars.OrgVenta]"/>
            </http:request-builder>
        </http:request>
        <logger message="PRODUCTO ELIMINADO" level="INFO" doc:name="Logger"/>
    </flow>
</mule>
