<?xml version="1.0" encoding="UTF-8"?>

<mule xmlns:db="http://www.mulesoft.org/schema/mule/db" xmlns:http="http://www.mulesoft.org/schema/mule/http" xmlns:jms="http://www.mulesoft.org/schema/mule/jms" xmlns="http://www.mulesoft.org/schema/mule/core" xmlns:doc="http://www.mulesoft.org/schema/mule/documentation"
	xmlns:spring="http://www.springframework.org/schema/beans" 
	xmlns:xsi="http://www.w3.org/2001/XMLSchema-instance"
	xsi:schemaLocation="http://www.springframework.org/schema/beans http://www.springframework.org/schema/beans/spring-beans-current.xsd
http://www.mulesoft.org/schema/mule/core http://www.mulesoft.org/schema/mule/core/current/mule.xsd
http://www.mulesoft.org/schema/mule/jms http://www.mulesoft.org/schema/mule/jms/current/mule-jms.xsd
http://www.mulesoft.org/schema/mule/db http://www.mulesoft.org/schema/mule/db/current/mule-db.xsd
http://www.mulesoft.org/schema/mule/http http://www.mulesoft.org/schema/mule/http/current/mule-http.xsd">
    <jms:activemq-connector name="Active_MQ" username="admin" password="admin" brokerURL="tcp://192.168.1.60:61616" validateConnections="true" doc:name="Active MQ" persistentDelivery="true">
        <reconnect/>
    </jms:activemq-connector>
    <db:mysql-config name="MySQL_Configuration" host="192.168.1.71" port="3306" user="hbm" password="hbm2018" database="hbm" doc:name="MySQL Configuration"/>
    <http:request-config name="HTTP_Request_Configuration" protocol="HTTPS" host="hansa-bussines-mobile.firebaseio.com/" port="80" basePath="ProductoPrecio" doc:name="HTTP Request Configuration"/>
    <flow name="hbm_producto_precio_cFlow">
        <jms:inbound-endpoint queue="HBM_PRODUCTOS_PRECIO" connector-ref="Active_MQ" doc:name="HBM_PRODUCTOS_PRECIO"/>
        <processor-chain doc:name="Processor Chain">
            <logger message="1) START #[payload]" level="INFO" doc:name="Logger"/>
            <set-variable variableName="todo" value="#[payload]" doc:name="todo"/>
            <set-variable variableName="CodProducto" value="#[json:CodProducto]" doc:name="CodProducto"/>
            <set-variable variableName="OrgVenta" value="#[json:OrgVenta]" doc:name="OrgVenta"/>
            <set-variable variableName="Moneda" value="#[json:Moneda]" doc:name="Moneda"/>
            <set-variable variableName="CodCanal" value="#[json:Canal]" doc:name="CodCanal"/>
            <set-variable variableName="PrecioUnitario" value="#[json:PrecioUnitario]" doc:name="PrecioUnitario"/>
            <set-variable variableName="Fecha_server" value="#[server.dateTime.format('yyyy-MM-dd HH:mm:ss')]" doc:name="Fecha_server"/>
            <db:update config-ref="MySQL_Configuration" doc:name="Update">
                <db:parameterized-query><![CDATA[UPDATE hbm.Productos
SET 
PrecioUnitario = #[flowVars.PrecioUnitario],
FechaModificacion = #[flowVars.Fecha_server],
Moneda = #[flowVars.Moneda]
WHERE ProductCode = #[flowVars.CodProducto]
AND CodCanal = #[flowVars.CodCanal];]]></db:parameterized-query>
            </db:update>
            <set-payload value="#[payload]" doc:name="Set Payload"/>
            <logger message="2) Update a tabla Producos EXITOSO #[payload]" level="INFO" doc:name="Logger"/>
            <set-payload value="{&quot;#[flowVars.CodProducto]_#[flowVars.CodCanal]&quot;:{&quot;CodProducto&quot;:&quot;#[flowVars.CodProducto]&quot;,&quot;CodCanal&quot;:&quot;#[flowVars.CodCanal]&quot;,&quot;PrecioUnitario&quot;:&quot;#[flowVars.PrecioUnitario]&quot;,&quot;FechaModificaion&quot;:&quot;#[flowVars.Fecha_server]&quot;,&quot;Moneda&quot;:&quot;#[flowVars.Moneda]&quot;}}" doc:name="Set Payload"/>
            <http:request config-ref="HTTP_Request_Configuration" path="{guid}.json" method="PATCH" doc:name="HTTP">
                <http:request-builder>
                    <http:uri-param paramName="guid" value="#[flowVars.OrgVenta]"/>
                </http:request-builder>
            </http:request>
            <logger message="3) FIN..." level="INFO" doc:name="Logger"/>
        </processor-chain>
    </flow>
</mule>
