<?xml version="1.0" encoding="UTF-8"?>

<mule xmlns:db="http://www.mulesoft.org/schema/mule/db" xmlns:json="http://www.mulesoft.org/schema/mule/json" xmlns:http="http://www.mulesoft.org/schema/mule/http" xmlns:jms="http://www.mulesoft.org/schema/mule/jms" xmlns="http://www.mulesoft.org/schema/mule/core" xmlns:doc="http://www.mulesoft.org/schema/mule/documentation"
	xmlns:spring="http://www.springframework.org/schema/beans" 
	xmlns:xsi="http://www.w3.org/2001/XMLSchema-instance"
	xsi:schemaLocation="http://www.springframework.org/schema/beans http://www.springframework.org/schema/beans/spring-beans-current.xsd
http://www.mulesoft.org/schema/mule/core http://www.mulesoft.org/schema/mule/core/current/mule.xsd
http://www.mulesoft.org/schema/mule/db http://www.mulesoft.org/schema/mule/db/current/mule-db.xsd
http://www.mulesoft.org/schema/mule/json http://www.mulesoft.org/schema/mule/json/current/mule-json.xsd
http://www.mulesoft.org/schema/mule/http http://www.mulesoft.org/schema/mule/http/current/mule-http.xsd
http://www.mulesoft.org/schema/mule/jms http://www.mulesoft.org/schema/mule/jms/current/mule-jms.xsd">
    <db:mysql-config name="MySQL_Configuration" host="192.168.1.71" port="3306" user="hbm" password="hbm2018" database="hbm" doc:name="MySQL Configuration">
        <reconnect/>
    </db:mysql-config>
    <jms:activemq-connector name="Active_MQ" username="admin" password="admin" brokerURL="tcp://192.168.1.60:61616" validateConnections="true" persistentDelivery="true" doc:name="Active MQ">
        <reconnect/>
    </jms:activemq-connector>
    <http:request-config name="HTTP_Request_Configuration" protocol="HTTPS" host="hansa-bussines-mobile.firebaseio.com/" port="80" basePath="ProductoLote" doc:name="HTTP Request Configuration"/>
    <flow name="Copy_of_Data_base" processingStrategy="synchronous">
        <jms:inbound-endpoint queue="HBM_PRODUCTO_LOTE" connector-ref="Active_MQ" doc:name="HBM_PRODUCTO_LOTE"/>
        <logger message="1) START #[payload]" level="INFO" doc:name="Logger"/>
        <set-variable variableName="todo" value="#[payload]" doc:name="todo"/>
        <set-variable variableName="CodProducto" value="#[json:CodProducto]" doc:name="CodProducto"/>
        <set-variable variableName="Almacen" value="#[json:Almacen]" doc:name="Almacen"/>
        <set-variable variableName="Lote" value="#[json:Lote]" doc:name="Lote"/>
        <set-variable variableName="FechaVencimiento" value="#[json:FechaVencimiento]" doc:name="FechaVencimiento"/>
        <set-variable variableName="Stock" value="#[json:Stock]" doc:name="Stock"/>
        <set-variable variableName="Fecha_server" value="#[server.dateTime.format('yyyy-MM-dd HH:mm:ss')]" doc:name="Fecha_server"/>
        <set-variable variableName="OrgVenta" value="#[json:OrgVenta]" doc:name="OrgVenta"/>
        <db:select config-ref="MySQL_Configuration" doc:name="Select">
            <db:parameterized-query><![CDATA[SELECT Count(ProductoLoteID) as existe, ProductoLoteID
FROM hbm.ProductoLote
WHERE ProductCode = #[flowVars.CodProducto]
AND Lote = #[flowVars.Lote]
AND Almacen= #[flowVars.Almacen];]]></db:parameterized-query>
        </db:select>
        <json:object-to-json-transformer doc:name="Object to JSON"/>
        <set-variable variableName="ProductoLoteID" value="#[json:[0]/ProductoLoteID]" doc:name="ProductoLoteID"/>
        <set-variable variableName="existe" value="#[json:[0]/existe]" doc:name="existe"/>
        <choice doc:name="Choice">
            <when expression="#[flowVars.existe == 0]">
                <logger message="2) INSERT NUEVO PRODUCTO CON LOTE" level="INFO" doc:name="INSERT"/>
                <db:insert config-ref="MySQL_Configuration" doc:name="Insert">
                    <db:parameterized-query><![CDATA[INSERT INTO hbm.ProductoLote
(
ProductoLoteID
,ProductCode
,Almacen
,Lote
,FechaVencimiento
,Stock
,FechaModificacion
)
VALUES
(
UUID()
,#[flowVars.CodProducto]
,#[flowVars.Almacen]
,#[flowVars.Lote]
,#[flowVars.FechaVencimiento]
,#[flowVars.Stock]
,#[flowVars.Fecha_server]
);]]></db:parameterized-query>
                </db:insert>
            </when>
            <otherwise>
                <logger message="2) UPDATE Lote ProductoLoteID = #[flowVars.ProductoLoteID]" level="INFO" doc:name="UPDATE"/>
                <db:update config-ref="MySQL_Configuration" doc:name="Update">
                    <db:parameterized-query><![CDATA[UPDATE hbm.ProductoLote
SET
ProductCode = #[flowVars.CodProducto],
Almacen = #[flowVars.Almacen],
Lote = #[flowVars.Lote],
FechaVencimiento = #[flowVars.FechaVencimiento],
Stock = #[flowVars.Stock],
FechaModificacion = #[flowVars.Fecha_server]
WHERE ProductoLoteID = #[flowVars.ProductoLoteID];]]></db:parameterized-query>
                </db:update>
            </otherwise>
        </choice>
        <set-payload value="{&quot;#[flowVars.CodProducto]_#[flowVars.Almacen]_#[flowVars.Lote]&quot;:{&quot;Almacen&quot;:&quot;#[flowVars.Almacen]&quot;,&quot;CodProducto&quot;:&quot;#[flowVars.CodProducto]&quot;,&quot;Lote&quot;:&quot;#[flowVars.Lote]&quot;,&quot;FechaVencimiento&quot;:&quot;#[flowVars.FechaVencimiento]&quot;,&quot;FechaModificacion&quot;:&quot;#[flowVars.Fecha_server]&quot;,&quot;Stock&quot;:&quot;#[flowVars.Stock]&quot;}}" doc:name="Payload"/>
        <http:request config-ref="HTTP_Request_Configuration" path="{guid}.json" method="PATCH" doc:name="Firebase">
            <http:request-builder>
                <http:uri-param paramName="guid" value="#[flowVars.OrgVenta]"/>
            </http:request-builder>
        </http:request>
        <logger message="3) FLUJO EXITOSO FIN........" level="INFO" doc:name="Logger"/>
        <catch-exception-strategy doc:name="Catch Exception Strategy">
            <logger message="ERROR, RECONECTANDO #[flowVars.todo]" level="INFO" doc:name="Logger"/>
            <set-payload value="#[flowVars.todo]" doc:name="Set Payload"/>
            <jms:outbound-endpoint queue="HBM_PRODUCTO_LOTE" connector-ref="Active_MQ" doc:name="JMS"/>
        </catch-exception-strategy>
    </flow>
</mule>
