<?xml version="1.0" encoding="UTF-8"?>

<mule xmlns:db="http://www.mulesoft.org/schema/mule/db" xmlns:json="http://www.mulesoft.org/schema/mule/json" xmlns:http="http://www.mulesoft.org/schema/mule/http" xmlns:jms="http://www.mulesoft.org/schema/mule/jms" xmlns="http://www.mulesoft.org/schema/mule/core" xmlns:doc="http://www.mulesoft.org/schema/mule/documentation"
	xmlns:spring="http://www.springframework.org/schema/beans" 
	xmlns:xsi="http://www.w3.org/2001/XMLSchema-instance"
	xsi:schemaLocation="http://www.springframework.org/schema/beans http://www.springframework.org/schema/beans/spring-beans-current.xsd
http://www.mulesoft.org/schema/mule/core http://www.mulesoft.org/schema/mule/core/current/mule.xsd
http://www.mulesoft.org/schema/mule/jms http://www.mulesoft.org/schema/mule/jms/current/mule-jms.xsd
http://www.mulesoft.org/schema/mule/db http://www.mulesoft.org/schema/mule/db/current/mule-db.xsd
http://www.mulesoft.org/schema/mule/json http://www.mulesoft.org/schema/mule/json/current/mule-json.xsd
http://www.mulesoft.org/schema/mule/http http://www.mulesoft.org/schema/mule/http/current/mule-http.xsd">
    <jms:activemq-connector name="Active_MQ" username="admin" password="admin" brokerURL="tcp://192.168.1.60:61616" validateConnections="true" doc:name="Active MQ" numberOfConsumers="2" persistentDelivery="true" acknowledgementMode="DUPS_OK_ACKNOWLEDGE">
        <reconnect/>
    </jms:activemq-connector>
    <db:mysql-config name="MySQL_Configuration" host="192.168.1.71" port="3306" user="hbm" password="hbm2018" database="hbm" doc:name="MySQL Configuration">
        <reconnect/>
    </db:mysql-config>
    <http:request-config name="HTTP_Request_Configuration" protocol="HTTPS" host="hansa-bussines-mobile.firebaseio.com/" port="80" basePath="ProductoStock" doc:name="HTTP Request Configuration"/>
    <http:request-config name="HTTP_Request_Configuration1" protocol="HTTPS" host="hansa-business-mobile-qas.firebaseio.com/" port="80" basePath="ProductoStock" doc:name="HTTP Request Configuration"/>
    <flow name="hbm_producto_stock_cFlow" processingStrategy="synchronous">
        <jms:inbound-endpoint queue="HBM_PRODUCTOS_STOCK" connector-ref="Active_MQ" doc:name="HBM_PRODUCTOS_STOCK"/>
        <processor-chain doc:name="Processor Chain">
            <set-variable variableName="Todo" value="#[payload]" doc:name="Todo"/>
            <logger message="1) START #[flowVars.Todo]" level="INFO" doc:name="Logger"/>
            <set-variable variableName="Almacen" value="#[json:Almacen]" doc:name="Almacen"/>
            <set-variable variableName="CodProducto" value="#[json:CodProducto]" doc:name="CodProducto"/>
            <set-variable variableName="CodCanal" value="#[json:CodCanal]" doc:name="CodCanal"/>
            <set-variable variableName="ConStock" value="#[json:ConStock]" doc:name="ConStock"/>
            <set-variable variableName="Stock" value="#[json:Stock]" doc:name="Stock"/>
            <set-variable variableName="StockNacional" value="#[json:StockNacional]" doc:name="StockNacional"/>
            <set-variable variableName="FechaVencimiento" value="#[json:FechaVencimiento]" doc:name="FechaVencimiento"/>
            <set-variable variableName="Fecha_server" value="#[server.dateTime.format('yyyy-MM-dd HH:mm:ss')]" doc:name="Fecha_server"/>
            <set-variable variableName="OrgVenta" value="#[json:OrgVenta]" doc:name="OrgVenta"/>
            <flow-ref name="Data_base" doc:name="Flow Reference"/>
        </processor-chain>
    </flow>
    <flow name="Data_base" processingStrategy="synchronous">
        <db:update config-ref="MySQL_Configuration" doc:name="Update">
            <db:parameterized-query><![CDATA[UPDATE hbm.Productos
SET
StockNacional = #[flowVars.StockNacional.replace('-','');],
FechaModificacion = #[flowVars.Fecha_server]
WHERE ProductCode = #[flowVars.CodProducto];]]></db:parameterized-query>
        </db:update>
        <set-payload value="#[payload]" doc:name="Set Payload"/>
        <logger message="2) UPDATE EXITOS DE STOCK NACIONAL #[payload]" level="INFO" doc:name="Logger"/>
        <db:update config-ref="MySQL_Configuration" doc:name="Update">
            <db:parameterized-query><![CDATA[UPDATE hbm.Productos
SET
ConStock = #[flowVars.ConStock],
FechaModificacion = #[flowVars.Fecha_server],
Stock = #[flowVars.Stock.replace('-','');],
StockNacional = #[flowVars.StockNacional.replace('-','');]
WHERE ProductCode = #[flowVars.CodProducto]
AND Almacen = #[flowVars.Almacen];]]></db:parameterized-query>
        </db:update>
        <set-payload value="#[payload]" doc:name="Set Payload"/>
        <logger message="3) UPDATE EXITOSO STOCK  #[payload]" level="INFO" doc:name="Logger"/>
        <db:select config-ref="MySQL_Configuration" doc:name="Select">
            <db:parameterized-query><![CDATA[SELECT
DISTINCT(Almacen)
,ProductCode
,ConStock
,Stock
,StockNacional
FROM hbm.Productos
WHERE ProductCode = #[flowVars.CodProducto];]]></db:parameterized-query>
        </db:select>
        <foreach doc:name="For Each">
            <json:object-to-json-transformer doc:name="Object to JSON"/>
            <set-payload value="{&quot;#[json:Almacen]/#[flowVars.CodProducto]&quot;:{&quot;Almacen&quot;:&quot;#[json:Almacen]&quot;,&quot;CodProducto&quot;:&quot;#[json:ProductCode]&quot;,&quot;ConStock&quot;:&quot;#[json:ConStock]&quot;,&quot;Stock&quot;:&quot;#[json:Stock]&quot;,&quot;StockNacional&quot;:&quot;#[json:StockNacional]&quot;,&quot;FechaModificacion&quot;:&quot;#[flowVars.Fecha_server]&quot;}}" doc:name="Set Payload"/>
            <http:request config-ref="HTTP_Request_Configuration" path="{guid}.json" method="PATCH" doc:name="HTTP_PRD">
                <http:request-builder>
                    <http:uri-param paramName="guid" value="#[flowVars.OrgVenta]"/>
                </http:request-builder>
            </http:request>
        </foreach>
        <logger message="#[payload]" level="INFO" doc:name="Logger"/>
        <foreach doc:name="For Each">
            <json:object-to-json-transformer doc:name="Object to JSON"/>
            <set-payload value="{&quot;#[json:Almacen]/#[flowVars.CodProducto]&quot;:{&quot;Almacen&quot;:&quot;#[json:Almacen]&quot;,&quot;CodProducto&quot;:&quot;#[json:ProductCode]&quot;,&quot;ConStock&quot;:&quot;#[json:ConStock]&quot;,&quot;Stock&quot;:&quot;#[json:Stock]&quot;,&quot;StockNacional&quot;:&quot;#[json:StockNacional]&quot;,&quot;FechaModificacion&quot;:&quot;#[flowVars.Fecha_server]&quot;}}" doc:name="Set Payload"/>
            <http:request config-ref="HTTP_Request_Configuration1" path="{guid}.json" method="PATCH" doc:name="HTTP_QAS">
                <http:request-builder>
                    <http:uri-param paramName="guid" value="#[flowVars.OrgVenta]"/>
                </http:request-builder>
            </http:request>
        </foreach>
        <logger message="4) EXITOSO FIN..." level="INFO" doc:name="Logger"/>
        <catch-exception-strategy doc:name="Catch Exception Strategy">
            <logger message="ERROR DE CONEXION CON FIREBASE, Envio del JSON a la cola HBM_PRODUCTOS_SOTCK" level="INFO" doc:name="ERROR CONECTION"/>
            <set-payload value="#[flowVars.Todo]" doc:name="Set Payload"/>
            <jms:outbound-endpoint queue="HBM_PRODUCTOS_STOCK" connector-ref="Active_MQ" doc:name="HBM_PRODUCTOS_STOCK"/>
        </catch-exception-strategy>
    </flow>
</mule>
